Time;Responses A;Responses B;Cumulative Reinforcement A;Cumulative Reinforcement B
6141;0;1;0;0
7611;0;2;0;0
7993;0;3;0;0
8347;0;4;0;0
8809;0;5;0;0
9176;0;6;0;0
9540;0;7;0;0
9876;0;8;0;0
10109;0;9;0;0
10618;0;10;0;0
10972;0;11;0;0
11351;0;12;0;0
11706;0;13;0;0
12098;0;14;0;0
12501;0;15;0;0
12714;0;16;0;0
13102;0;17;0;0
13467;0;18;0;0
13872;0;19;0;0
14093;0;20;0;0
14414;0;21;0;0
14800;0;22;0;0
15181;0;23;0;0
15598;0;24;0;0
15834;0;25;0;0
16230;0;26;0;0
16618;0;27;0;0
16992;0;28;0;0
17355;0;29;0;0
17577;0;30;0;0
17956;0;31;0;0
18368;0;32;0;0
18755;0;33;0;0
19159;0;34;0;0
19540;0;35;0;0
19934;0;36;0;0
20297;0;37;0;0
20692;0;38;0;0
21084;0;39;0;0
21512;0;40;0;0
21925;0;41;0;0
22314;0;42;0;0
22751;0;43;0;0
23193;0;44;0;0
23584;0;45;0;0
23807;0;46;0;0
24063;0;47;0;0
24417;0;48;0;0
24814;0;49;0;0
25218;0;50;0;0
25625;0;51;0;0
26035;0;52;0;0
26408;0;53;0;0
26814;0;54;0;0
27034;0;55;0;0
27405;0;56;0;0
27843;0;57;0;0
28259;0;58;0;0
28647;0;59;0;0
28868;0;60;0;0
29292;0;61;0;0
29675;0;62;0;0
29897;0;63;0;0
30125;0;64;0;0
30530;0;65;0;0
30914;0;66;0;0
31122;0;67;0;0
31522;0;68;0;0
31755;0;69;0;0
32133;0;70;0;0
32522;0;71;0;0
32741;0;72;0;0
32947;0;73;0;0
33167;0;74;0;0
33564;0;75;0;0
33790;0;76;0;0
34188;0;77;0;0
34399;0;78;0;0
34605;0;79;0;0
34815;0;80;0;0
35030;0;81;0;0
35257;0;82;0;0
35479;0;83;0;0
35698;0;84;0;0
35904;0;85;0;0
36132;0;86;0;0
36548;0;87;0;0
36774;0;88;0;0
37000;0;89;0;0
37230;0;90;0;0
37499;0;91;0;0
37741;0;92;0;0
38214;0;93;0;0
38577;0;94;0;0
38861;0;95;0;0
39318;0;96;0;0
39649;0;97;0;0
39902;0;98;0;0
40408;0;99;0;0
41066;1;99;0;0
42601;2;99;0;0
42997;3;99;0;0
43400;4;99;0;0
43764;5;99;0;0
44209;6;99;0;0
44669;7;99;0;0
45064;8;99;0;0
45460;9;99;0;0
45883;10;99;0;0
46116;11;99;0;0
46449;12;99;0;0
46805;13;99;0;0
47016;14;99;0;0
47233;15;99;1;0
48155;16;99;1;0
48457;17;99;1;0
48675;18;99;1;0
49073;19;99;1;0
49291;20;99;1;0
49699;21;99;1;0
49926;22;99;1;0
50322;23;99;1;0
50550;24;99;1;0
50975;25;99;1;0
51184;26;99;1;0
51591;27;99;1;0
52000;28;99;1;0
52215;29;99;1;0
52434;30;99;1;0
52651;31;99;1;0
52867;32;99;1;0
53075;33;99;1;0
53291;34;99;1;0
53707;35;99;1;0
54107;36;99;1;0
54333;37;99;1;0
54717;38;99;1;0
55150;39;99;1;0
55356;40;99;1;0
55574;41;99;1;0
55999;42;99;1;0
56216;43;99;1;0
56425;44;99;1;0
56641;45;99;1;0
56864;46;99;2;0
57630;47;99;2;0
57947;48;99;2;0
58173;49;99;2;0
58589;50;99;2;0
58975;51;99;2;0
59365;52;99;2;0
59620;53;99;3;0
60508;54;99;3;0
60790;55;99;3;0
61184;56;99;3;0
61598;57;99;3;0
61993;58;99;3;0
62215;59;99;3;0
62671;60;99;3;0
62909;61;99;3;0
63332;62;99;3;0
63540;63;99;3;0
63757;64;99;4;0
64502;65;99;4;0
64859;66;99;5;0
65792;67;99;5;0
66107;68;99;5;0
66334;69;99;5;0
66549;70;99;5;0
66786;71;99;5;0
67198;72;99;5;0
67643;73;99;5;0
67857;74;99;5;0
68067;75;99;5;0
68291;76;99;5;0
68524;77;99;5;0
68947;78;99;5;0
69165;79;99;5;0
69583;80;99;5;0
69991;81;99;5;0
70223;82;99;5;0
70440;83;99;5;0
70666;84;99;5;0
70918;85;99;5;0
71316;86;99;5;0
71530;87;99;5;0
71758;88;99;5;0
71974;89;99;5;0
72487;90;99;5;0
72882;91;99;5;0
73105;92;99;5;0
73332;93;99;5;0
73574;94;99;5;0
73813;95;99;5;0
74233;96;99;5;0
74641;97;99;5;0
74865;98;99;5;0
75091;99;99;5;0
75324;100;99;5;0
75549;101;99;5;0
75783;102;99;5;0
76016;103;99;5;0
76231;104;99;5;0
76466;105;99;5;0
76699;106;99;5;0
76930;107;99;5;0
77165;108;99;5;0
77407;109;99;5;0
77622;110;99;5;0
77881;111;99;5;0
78324;112;99;5;0
78547;113;99;5;0
78774;114;99;5;0
78988;115;99;5;0
79398;116;99;5;0
79632;117;99;6;0
80573;118;99;6;0
80880;119;99;6;0
81273;119;100;6;0
81807;119;101;6;0
82032;119;102;6;0
82380;119;103;6;0
82764;119;104;6;0
83132;119;105;6;0
83348;119;106;6;0
83763;119;107;6;0
83984;119;108;6;0
84401;119;109;6;0
84616;119;110;6;0
85067;119;111;6;0
85283;119;112;6;0
85524;119;113;6;0
85749;119;114;6;0
85974;119;115;6;0
86198;119;116;6;0
86425;119;117;6;0
86660;119;118;6;0
86890;119;119;6;0
87142;119;120;6;0
87526;119;121;6;0
87758;119;122;6;0
87999;119;123;6;0
88284;119;124;6;0
88517;119;125;6;0
88766;119;126;6;0
89224;119;127;6;0
89526;119;128;6;0
89782;119;129;6;0
90367;119;130;6;0
90756;119;131;6;0
91033;119;132;6;0
91282;119;133;6;0
91824;119;134;6;0
92034;119;135;6;0
92249;119;136;6;0
92474;119;137;6;0
92691;119;138;6;0
92950;119;139;6;0
93399;119;140;6;0
93826;119;141;6;0
94282;119;142;6;0
94641;119;143;6;0
95019;119;144;6;0
95373;119;145;6;0
95616;119;146;6;0
95999;119;147;6;0
96399;119;148;6;0
96796;119;149;6;0
97191;119;150;6;0
97591;119;151;6;0
97798;119;152;6;0
98016;119;153;6;0
98233;119;154;6;0
98641;119;155;6;0
99083;119;156;6;0
99491;119;157;6;0
100024;119;158;6;0
100348;119;159;6;0
100567;119;160;6;0
101007;119;161;6;0
101316;119;162;6;0
101542;119;163;6;0
101782;119;164;6;0
102016;119;165;6;0
102519;119;166;6;0
103042;119;167;6;0
103424;119;168;6;0
104034;119;169;6;0
104431;119;170;6;0
104658;119;171;6;0
104889;119;172;6;0
105190;119;173;6;0
105422;119;174;6;0
105735;119;175;6;0
105974;119;176;6;0
106540;119;177;6;0
107031;119;178;6;0
107280;119;179;6;0
107488;119;180;6;0
107882;119;181;6;0
108115;119;182;6;0
108340;119;183;6;0
108574;119;184;6;0
108797;119;185;6;0
109013;119;186;6;0
109257;119;187;6;0
109516;119;188;6;0
109731;119;189;6;0
110156;119;190;6;0
110390;119;191;6;0
110641;119;192;6;0
111016;119;193;6;0
111389;119;194;6;0
111837;119;195;6;0
112223;119;196;6;0
112614;119;197;6;0
112830;119;198;6;0
113039;119;199;6;0
113464;119;200;6;0
113838;119;201;6;0
114214;119;202;6;0
114438;119;203;6;0
114655;119;204;6;0
115074;119;205;6;0
115480;119;206;6;0
115687;119;207;6;0
115930;119;208;6;0
116321;119;209;6;0
116539;119;210;6;0
116763;119;211;6;0
117179;119;212;6;0
117396;119;213;6;0
117614;119;214;6;0
117838;119;215;6;0
118063;119;216;6;0
118297;119;217;6;0
118533;119;218;6;0
118755;119;219;6;0
118971;119;220;6;0
119179;119;221;6;0
119447;119;222;6;0
119855;119;223;6;0
120288;119;224;6;0
120697;119;225;6;0
120930;119;226;6;0
121330;119;227;6;0
121556;119;228;6;0
122005;119;229;6;0
122220;119;230;6;0
122431;119;231;6;0
122679;119;232;6;0
122947;119;233;6;0
123153;119;234;6;0
123380;119;235;6;0
123849;119;236;6;0
124103;119;237;6;0
124563;119;238;6;0
125076;119;239;6;0
125514;119;240;6;0
126007;119;241;6;0
126506;119;242;6;0
126889;119;243;6;0
127124;119;244;6;0
127567;119;245;6;0
127797;119;246;6;0
128015;119;247;6;0
128240;119;248;6;0
128473;119;249;6;0
128716;119;250;6;0
128955;119;251;6;0
129190;119;252;6;0
129415;119;253;6;0
129641;119;254;6;0
129914;119;255;6;0
130323;119;256;6;0
131138;120;256;6;0
132765;121;256;6;0
132988;122;256;6;0
133415;123;256;6;0
133832;124;256;6;0
134257;125;256;6;0
134466;126;256;6;0
134680;127;256;6;0
134898;128;256;6;0
135132;129;256;6;0
135548;130;256;6;0
135772;131;256;6;0
135998;132;256;6;0
136432;133;256;6;0
136798;134;256;6;0
137182;135;256;6;0
137563;136;256;7;0
138298;137;256;7;0
138595;138;256;7;0
139023;139;256;7;0
139446;140;256;7;0
139831;141;256;7;0
140204;142;256;7;0
140457;143;256;7;0
140681;144;256;7;0
140889;145;256;7;0
141114;146;256;7;0
141338;147;256;7;0
141573;148;256;7;0
141802;149;256;7;0
142013;150;256;7;0
142439;151;256;7;0
142663;152;256;7;0
142872;153;256;7;0
143087;154;256;7;0
143490;155;256;7;0
143922;156;256;7;0
144315;157;256;7;0
144705;158;256;7;0
144924;159;256;7;0
145198;160;256;7;0
145631;161;256;7;0
145873;162;256;7;0
146115;163;256;7;0
146356;164;256;7;0
146579;165;256;7;0
146807;166;256;7;0
147048;167;256;7;0
147340;168;256;7;0
147556;169;256;7;0
147980;170;256;7;0
148207;171;256;7;0
148437;172;256;7;0
148865;173;256;7;0
149272;174;256;7;0
149489;175;256;7;0
149916;176;256;7;0
150320;177;256;7;0
150540;178;256;7;0
150930;179;256;7;0
151164;180;256;7;0
151588;181;256;7;0
151823;182;256;7;0
152064;183;256;7;0
152452;184;256;7;0
153329;185;256;7;0
153611;186;256;7;0
153872;187;256;7;0
154245;188;256;7;0
154463;189;256;7;0
154869;190;256;7;0
155088;191;256;8;0
155855;192;256;8;0
156137;193;256;8;0
156355;194;256;8;0
156763;195;256;8;0
157186;196;256;8;0
157588;197;256;8;0
157980;198;256;8;0
158354;199;256;8;0
158579;200;256;8;0
158986;201;256;8;0
159205;202;256;8;0
159436;203;256;8;0
159655;204;256;8;0
160037;205;256;8;0
160437;206;256;8;0
160863;207;256;8;0
161086;208;256;8;0
161296;209;256;9;0
162021;210;256;9;0
162397;211;256;9;0
162786;212;256;9;0
163054;213;256;9;0
163436;214;256;9;0
163666;215;256;9;0
163877;216;256;9;0
164088;217;256;9;0
164312;218;256;9;0
164536;219;256;9;0
164763;220;256;9;0
164978;221;256;9;0
165196;222;256;9;0
165475;223;256;9;0
165913;224;256;9;0
166118;225;256;9;0
166337;226;256;9;0
166613;227;256;9;0
166819;228;256;9;0
167031;229;256;9;0
167447;230;256;9;0
167888;231;256;9;0
168554;232;256;9;0
169010;233;256;9;0
169278;234;256;9;0
169723;235;256;9;0
169963;236;256;9;0
170186;237;256;9;0
170605;238;256;9;0
170831;239;256;9;0
171247;240;256;9;0
171464;241;256;9;0
171693;242;256;9;0
172261;243;256;9;0
172740;244;256;9;0
173114;245;256;9;0
173520;246;256;9;0
173765;247;256;9;0
174146;248;256;9;0
174545;249;256;9;0
174788;250;256;9;0
174995;251;256;9;0
175213;252;256;9;0
175602;253;256;9;0
175818;254;256;9;0
176039;255;256;9;0
176459;256;256;9;0
176846;257;256;9;0
177061;258;256;9;0
177280;259;256;9;0
177679;260;256;9;0
178078;261;256;9;0
178297;262;256;9;0
178651;263;256;9;0
179113;264;256;9;0
179319;265;256;9;0
179755;266;256;9;0
180214;267;256;9;0
180428;268;256;9;0
180662;269;256;9;0
180917;270;256;9;0
181154;271;256;9;0
181369;272;256;9;0
181618;273;256;9;0
181862;274;256;9;0
182110;275;256;9;0
182363;276;256;9;0
182594;277;256;9;0
182821;278;256;9;0
183061;279;256;9;0
183312;280;256;9;0
183545;281;256;9;0
183771;282;256;9;0
184037;283;256;9;0
184254;284;256;9;0
184469;285;256;9;0
184719;286;256;9;0
184972;287;256;9;0
185202;288;256;9;0
185463;289;256;9;0
185710;290;256;9;0
185945;291;256;9;0
186176;292;256;9;0
186429;293;256;9;0
186647;294;256;9;0
186877;295;256;9;0
187105;296;256;9;0
187322;297;256;9;0
187543;298;256;9;0
187772;299;256;9;0
188010;300;256;9;0
188277;301;256;9;0
188735;302;256;9;0
188998;303;256;9;0
189250;304;256;9;0
189504;305;256;9;0
189788;306;256;9;0
190038;307;256;9;0
190346;308;256;9;0
190552;309;256;9;0
190813;310;256;9;0
191271;311;256;9;0
191526;312;256;9;0
191796;313;256;9;0
192029;314;256;9;0
192356;315;256;9;0
192602;316;256;9;0
192893;317;256;9;0
193114;318;256;9;0
193343;319;256;9;0
193635;320;256;9;0
193926;321;256;9;0
194347;322;256;9;0
194569;323;256;9;0
194837;324;256;9;0
195139;325;256;9;0
195547;326;256;9;0
195798;327;256;9;0
196221;328;256;9;0
196455;329;256;9;0
196912;330;256;9;0
197119;331;256;9;0
197363;332;256;9;0
197594;333;256;9;0
197868;334;256;9;0
198285;335;256;9;0
198518;336;256;9;0
198763;337;256;9;0
198985;338;256;9;0
199226;339;256;9;0
199438;340;256;9;0
199664;341;256;9;0
199885;342;256;9;0
200363;343;256;9;0
200639;344;256;9;0
200883;345;256;9;0
201339;346;256;9;0
201755;347;256;9;0
202192;348;256;9;0
202406;349;256;9;0
202663;350;256;9;0
202891;351;256;9;0
203104;352;256;9;0
203342;353;256;9;0
203605;354;256;9;0
204044;355;256;9;0
204284;356;256;9;0
204557;357;256;9;0
204784;358;256;9;0
205079;359;256;9;0
205485;360;256;9;0
205704;361;256;9;0
205918;362;256;9;0
206137;363;256;9;0
206375;364;256;9;0
206631;365;256;9;0
206872;366;256;9;0
207076;367;256;9;0
207500;368;256;9;0
207714;369;256;9;0
207942;370;256;9;0
208246;371;256;9;0
208458;372;256;9;0
208747;373;256;9;0
209183;374;256;9;0
209606;375;256;9;0
209826;376;256;9;0
210039;377;256;9;0
210270;378;256;9;0
210483;379;256;9;0
210712;380;256;9;0
211117;381;256;9;0
211328;382;256;9;0
211600;382;257;9;0
212453;382;258;9;0
212658;382;259;9;0
212926;382;260;9;0
213305;382;261;9;0
213824;382;262;9;0
214046;382;263;9;0
214442;382;264;9;0
214820;382;265;9;0
215026;382;266;9;0
215387;382;267;9;0
215625;382;268;9;0
215870;382;269;9;0
216116;382;270;9;0
216421;382;271;9;0
216666;382;272;9;0
217025;382;273;9;0
217245;382;274;9;1
218817;382;275;9;1
219171;382;276;9;1
219600;382;277;9;1
219822;382;278;9;1
220257;382;279;9;1
220527;382;280;9;1
220917;382;281;9;1
221321;382;282;9;1
221724;382;283;9;1
222130;382;284;9;1
222342;382;285;9;1
222776;382;286;9;1
223179;382;287;9;1
223399;382;288;9;1
223621;382;289;9;1
223850;382;290;9;1
224264;382;291;9;1
224483;382;292;9;1
224721;382;293;9;1
224933;382;294;9;1
225347;382;295;9;1
225583;382;296;9;1
225805;382;297;9;1
226025;382;298;9;1
226272;382;299;9;1
226509;382;300;9;1
226721;382;301;9;1
226954;382;302;9;1
227175;382;303;9;1
227404;382;304;9;1
227648;382;305;9;1
227888;382;306;9;1
228200;382;307;9;1
228429;382;308;9;1
228684;382;309;9;1
228941;382;310;9;1
229200;382;311;9;1
229446;382;312;9;1
229725;382;313;9;1
229997;382;314;9;1
230265;382;315;9;1
230536;382;316;9;1
230842;382;317;9;1
231121;382;318;9;1
231383;382;319;9;1
231596;382;320;9;1
231818;382;321;9;1
232079;382;322;9;1
232308;382;323;9;1
232546;382;324;9;1
232784;382;325;9;1
233008;382;326;9;1
233246;382;327;9;1
233496;382;328;9;1
233716;382;329;9;1
233958;382;330;9;1
234171;382;331;9;1
234408;382;332;9;1
234662;382;333;9;1
234900;382;334;9;1
235141;382;335;9;1
235559;382;336;9;1
235797;382;337;9;1
236067;382;338;9;1
236504;382;339;9;1
236741;382;340;9;1
237004;382;341;9;1
237259;382;342;9;1
237524;382;343;9;1
237991;382;344;9;1
238208;382;345;9;1
238413;382;346;9;1
238633;382;347;9;1
238859;382;348;9;1
239099;382;349;9;1
239322;382;350;9;1
239549;382;351;9;1
239780;382;352;9;1
240041;382;353;9;1
240255;382;354;9;1
240507;382;355;9;1
240738;382;356;9;1
241024;382;357;9;1
241247;382;358;9;1
241504;382;359;9;1
241811;382;360;9;1
242063;382;361;9;1
242305;382;362;9;1
242599;382;363;9;1
242855;382;364;9;1
243124;382;365;9;1
243404;382;366;9;1
244132;382;367;9;1
244590;382;368;9;1
244862;382;369;9;1
245141;382;370;9;1
245662;382;371;9;1
245874;382;372;9;1
246079;382;373;9;1
246515;382;374;9;1
246729;382;375;9;1
246974;382;376;9;1
247199;382;377;9;1
247446;382;378;9;1
247707;382;379;9;1
247965;382;380;9;1
248205;382;381;9;1
248462;382;382;9;1
248774;382;383;9;1
249213;382;384;9;1
249457;382;385;9;1
249721;382;386;9;1
249979;382;387;9;1
250233;382;388;9;1
250447;382;389;9;1
250724;382;390;9;1
250987;382;391;9;1
251241;382;392;9;1
251454;382;393;9;1
251674;382;394;9;1
251921;382;395;9;1
252232;382;396;9;1
252449;382;397;9;1
252680;382;398;9;1
252924;382;399;9;1
253137;382;400;9;1
253365;382;401;9;1
253849;382;402;9;1
254104;382;403;9;1
254322;382;404;9;1
254582;382;405;9;1
254847;382;406;9;1
255099;382;407;9;1
255658;382;408;9;1
256100;382;409;9;1
256541;382;410;9;1
256982;382;411;9;1
257190;382;412;9;1
257421;382;413;9;1
257666;382;414;9;1
258107;382;415;9;1
258346;382;416;9;1
258565;382;417;9;1
258789;382;418;9;1
259032;382;419;9;1
259482;382;420;9;1
259937;382;421;9;1
260190;382;422;9;1
260429;382;423;9;1
260665;382;424;9;1
260915;382;425;9;1
261187;382;426;9;1
261407;382;427;9;1
261612;382;428;9;1
261882;382;429;9;1
262122;382;430;9;1
262365;382;431;9;1
262612;382;432;9;1
262865;382;433;9;1
263079;382;434;9;1
263333;382;435;9;1
263763;382;436;9;1
263998;382;437;9;1
264257;382;438;9;1
264490;382;439;9;1
264937;382;440;9;1
265157;382;441;9;1
265381;382;442;9;1
265612;382;443;9;1
265840;382;444;9;1
266071;382;445;9;1
266290;382;446;9;1
266507;382;447;9;1
266737;382;448;9;1
266990;382;449;9;1
267402;382;450;9;1
267632;382;451;9;1
268046;382;452;9;1
268471;382;453;9;1
268999;382;454;9;1
269381;382;455;9;1
269587;382;456;9;1
269919;382;457;9;1
270545;382;458;9;1
271156;382;459;9;1
271567;382;460;9;1
272170;382;461;9;1
272514;382;462;9;1
273153;382;463;9;1
273537;382;464;9;1
274150;382;465;9;1
274731;382;466;9;1
275074;382;467;9;1
275600;382;468;9;1
276071;382;469;9;1
276460;382;470;9;1
276967;382;471;9;1
277402;382;472;9;1
277799;382;473;9;1
278379;382;474;9;1
279002;382;475;9;1
279299;382;476;9;1
279547;382;477;9;1
279816;382;478;9;1
280241;382;479;9;1
280524;382;480;9;1
280939;382;481;9;1
281185;382;482;9;1
281432;382;483;9;1
281666;382;484;9;1
281925;382;485;9;1
282198;382;486;9;1
282778;382;487;9;1
283218;382;488;9;1
283550;382;489;9;1
284038;382;490;9;1
284581;382;491;9;1
285024;382;492;9;1
285572;382;493;9;1
286173;382;494;9;1
286754;382;495;9;1
287030;382;496;9;1
287243;382;497;9;1
287529;382;498;9;1
288029;382;499;9;1
288452;383;499;9;1
289525;384;499;9;1
289864;385;499;9;1
290281;386;499;9;1
290713;387;499;9;1
290952;388;499;9;1
291239;389;499;9;1
291588;390;499;9;1
291822;391;499;9;1
292249;392;499;9;1
292779;393;499;9;1
293114;394;499;9;1
293515;395;499;9;1
293737;396;499;9;1
294163;397;499;9;1
294441;398;499;10;1
295331;399;499;10;1
295709;400;499;10;1
296034;401;499;10;1
296450;402;499;10;1
296916;403;499;11;1
298008;404;499;11;1
298254;405;499;11;1
298505;406;499;11;1
298804;407;499;11;1
299374;408;499;11;1
299714;409;499;11;1
299996;410;499;11;1
300255;411;499;11;1
300665;412;499;11;1
300871;413;499;11;1
301122;414;499;11;1
301383;415;499;11;1
301717;416;499;11;1
302272;417;499;12;1
303353;418;499;12;1
303688;419;499;12;1
304117;420;499;12;1
304569;421;499;12;1
305262;422;499;12;1
305643;423;499;12;1
306003;424;499;12;1
306233;425;499;12;1
306470;426;499;12;1
306723;427;499;12;1
307166;428;499;12;1
307583;429;499;12;1
307812;430;499;12;1
308031;431;499;12;1
308267;432;499;12;1
308699;433;499;12;1
308973;434;499;12;1
309549;435;499;12;1
309866;436;499;12;1
310280;437;499;12;1
310605;438;499;12;1
311000;439;499;12;1
311258;440;499;12;1
311499;441;499;12;1
311767;442;499;12;1
312005;443;499;12;1
312232;444;499;12;1
312529;445;499;12;1
313021;446;499;12;1
313587;447;499;12;1
313984;448;499;12;1
314223;449;499;12;1
314467;450;499;13;1
315422;451;499;13;1
315824;452;499;13;1
316067;453;499;13;1
316300;454;499;13;1
316542;455;499;13;1
316754;456;499;13;1
317018;457;499;13;1
317342;458;499;13;1
317825;459;499;13;1
318491;460;499;13;1
318705;461;499;13;1
318943;462;499;13;1
319235;463;499;13;1
319503;464;499;13;1
319730;465;499;13;1
319999;466;499;13;1
320240;467;499;13;1
320553;468;499;13;1
321060;469;499;13;1
321321;470;499;13;1
321714;471;499;13;1
322228;472;499;13;1
322721;473;499;13;1
323227;474;499;13;1
323498;475;499;13;1
323788;476;499;13;1
324016;477;499;13;1
324255;478;499;13;1
324537;479;499;13;1
324915;480;499;13;1
325308;480;500;13;1
326428;480;501;13;1
326734;480;502;13;1
327107;480;503;13;1
327322;480;504;13;1
327545;480;505;13;1
328049;480;506;13;1
328742;480;507;13;1
329255;480;508;13;1
329548;480;509;13;1
329783;480;510;13;1
330232;480;511;13;1
330597;480;512;13;1
330981;480;513;13;1
331365;480;514;13;1
331801;480;515;13;1
332268;480;516;13;1
332682;480;517;13;1
333127;480;518;13;1
333573;480;519;13;1
333978;480;520;13;1
334439;480;521;13;1
334930;480;522;13;1
335311;480;523;13;1
335700;480;524;13;1
335946;480;525;13;1
336198;480;526;13;1
336458;480;527;13;1
336748;480;528;13;1
337328;480;529;13;1
337630;480;530;13;1
338106;480;531;13;1
338580;480;532;13;1
339024;480;533;13;1
339474;480;534;13;1
340054;480;535;13;1
340472;480;536;13;1
340861;480;537;13;1
341295;480;538;13;1
341744;480;539;13;1
342156;480;540;13;1
342587;480;541;13;1
342803;480;542;13;1
343013;480;543;13;1
343245;480;544;13;1
343475;480;545;13;1
343707;480;546;13;1
343939;480;547;13;1
344176;480;548;13;1
344397;480;549;13;1
344653;480;550;13;1
344889;480;551;13;1
345329;480;552;13;1
345586;480;553;13;1
346020;480;554;13;1
346352;480;555;13;1
346801;480;556;13;1
347277;480;557;13;1
347794;480;558;13;2
349523;480;559;13;2
350031;480;560;13;2
350296;480;561;13;2
350552;480;562;13;2
350866;480;563;13;2
351212;480;564;13;2
351446;480;565;13;2
351658;480;566;13;2
351903;480;567;13;2
352163;480;568;13;2
352525;480;569;13;2
353053;480;570;13;2
353462;480;571;13;2
353694;480;572;13;2
354031;480;573;13;2
354528;480;574;13;2
355023;480;575;13;2
355503;480;576;13;2
355937;480;577;13;2
356219;480;578;13;2
356454;480;579;13;2
356785;480;580;13;2
357327;480;581;13;2
357796;480;582;13;2
358086;480;583;13;2
358570;480;584;13;2
359071;480;585;13;2
359395;480;586;13;2
359703;480;587;13;2
360021;480;588;13;2
360338;480;589;13;2
360655;480;590;13;2
360952;480;591;13;2
361379;480;592;13;2
361662;480;593;13;2
361918;480;594;13;2
362181;480;595;13;2
362433;480;596;13;2
362716;480;597;13;2
363029;480;598;13;2
363329;480;599;13;2
363798;481;599;13;2
364881;482;599;13;2
365138;483;599;13;2
365370;484;599;13;2
365787;485;599;13;2
366023;486;599;13;2
366442;487;599;13;2
366757;488;599;13;2
367255;489;599;13;2
367654;490;599;13;2
367988;491;599;13;2
368212;492;599;13;2
368454;493;599;13;2
368916;494;599;13;2
369388;495;599;13;2
369676;496;599;14;2
370687;497;599;14;2
371113;498;599;14;2
371561;499;599;14;2
372030;500;599;14;2
372330;501;599;14;2
372589;502;599;14;2
372848;503;599;14;2
373061;504;599;14;2
373310;505;599;14;2
373544;506;599;14;2
373834;507;599;14;2
374294;508;599;14;2
374554;509;599;14;2
374820;510;599;14;2
375063;511;599;14;2
375336;512;599;14;2
375612;513;599;14;2
375886;514;599;15;2
376744;515;599;15;2
377163;516;599;15;2
377427;517;599;15;2
377711;518;599;15;2
378019;519;599;15;2
378330;520;599;15;2
378622;521;599;15;2
378961;522;599;15;2
379227;523;599;15;2
379471;524;599;15;2
379732;525;599;15;2
380009;526;599;15;2
380296;527;599;15;2
380571;528;599;15;2
381026;529;599;15;2
381279;530;599;15;2
381528;531;599;15;2
381802;532;599;15;2
382074;533;599;15;2
382354;534;599;15;2
382714;535;599;15;2
382976;536;599;15;2
383222;537;599;15;2
383512;538;599;15;2
383768;539;599;15;2
384036;540;599;15;2
384320;541;599;15;2
384666;542;599;15;2
384943;543;599;15;2
385204;544;599;15;2
385470;545;599;15;2
385714;546;599;15;2
385962;547;599;15;2
386226;548;599;15;2
386587;549;599;15;2
386863;550;599;15;2
387219;551;599;15;2
387685;552;599;15;2
387987;553;599;15;2
388235;554;599;15;2
388502;555;599;15;2
388844;556;599;15;2
389125;557;599;15;2
389646;558;599;15;2
389878;559;599;15;2
390119;560;599;15;2
390417;561;599;15;2
390703;562;599;16;2
391478;563;599;16;2
391859;564;599;16;2
392270;565;599;16;2
392476;566;599;16;2
392730;566;600;16;2
393602;566;601;16;2
393846;566;602;16;2
394286;566;603;16;2
394493;566;604;16;2
394702;566;605;16;2
394995;566;606;16;2
395475;566;607;16;2
395884;566;608;16;2
396160;566;609;16;2
396368;566;610;16;2
396616;566;611;16;2
396920;566;612;16;2
397177;566;613;16;2
397562;566;614;16;2
397795;566;615;16;2
398047;566;616;16;2
398349;566;617;16;2
398770;566;618;16;2
399004;566;619;16;2
399241;566;620;16;2
399501;566;621;16;2
399746;566;622;16;2
399979;566;623;16;2
400203;566;624;16;2
400453;566;625;16;2
400694;566;626;16;2
400937;566;627;16;2
401370;566;628;16;2
401609;566;629;16;2
401829;566;630;16;2
402086;566;631;16;2
402395;566;632;16;2
402669;566;633;16;2
403129;566;634;16;2
403392;566;635;16;2
403628;566;636;16;2
403869;566;637;16;2
404157;566;638;16;2
404404;566;639;16;2
404674;566;640;16;2
404943;566;641;16;2
405209;566;642;16;2
405469;566;643;16;2
405738;566;644;16;2
406012;566;645;16;2
406278;566;646;16;2
406567;566;647;16;2
406875;566;648;16;2
407103;566;649;16;2
407408;566;650;16;2
407725;566;651;16;2
408071;566;652;16;2
408566;566;653;16;2
408879;566;654;16;2
409154;566;655;16;2
409453;566;656;16;2
409677;566;657;16;2
409995;566;658;16;2
410267;566;659;16;2
410736;566;660;16;2
411053;566;661;16;2
411300;566;662;16;2
411528;566;663;16;2
411771;566;664;16;2
412221;566;665;16;2
412535;566;666;16;2
412834;566;667;16;2
413103;566;668;16;2
413399;566;669;16;2
413671;566;670;16;2
413902;566;671;16;2
414320;566;672;16;2
414576;566;673;16;2
415232;566;674;16;2
415620;566;675;16;2
415850;566;676;16;2
416092;566;677;16;2
416344;566;678;16;2
416550;566;679;16;2
416777;566;680;16;2
417009;566;681;16;2
417245;566;682;16;2
417483;566;683;16;2
417729;566;684;16;2
417945;566;685;16;2
418194;566;686;16;2
418445;566;687;16;2
418717;566;688;16;2
418962;566;689;16;2
419201;566;690;16;2
419487;566;691;16;2
419812;566;692;16;2
420096;566;693;16;2
420393;566;694;16;2
420688;566;695;16;2
420968;566;696;16;2
421282;566;697;16;2
421684;566;698;16;2
421945;566;699;16;2
422201;566;700;16;2
422471;566;701;16;2
422768;566;702;16;2
423035;566;703;16;2
423307;566;704;16;2
423608;566;705;16;2
423836;566;706;16;2
424105;566;707;16;2
424402;566;708;16;2
424714;566;709;16;2
425019;566;710;16;2
425235;566;711;16;2
425496;566;712;16;2
425783;566;713;16;2
426057;566;714;16;2
426528;566;715;16;2
426769;566;716;16;2
427011;566;717;16;2
427250;566;718;16;2
427555;566;719;16;2
427908;566;720;16;2
428187;566;721;16;2
428525;566;722;16;2
428853;566;723;16;2
429332;566;724;16;2
429601;566;725;16;2
430051;566;726;16;2
430404;566;727;16;2
430624;566;728;16;2
430862;566;729;16;2
431100;566;730;16;2
431345;566;731;16;2
431624;566;732;16;2
431895;566;733;16;2
432176;566;734;16;2
432469;566;735;16;2
432759;566;736;16;3
433846;566;737;16;3
434212;566;738;16;3
434476;566;739;16;3
434702;566;740;16;3
434943;566;741;16;3
435228;566;742;16;3
435594;566;743;16;3
435851;566;744;16;3
436220;566;745;16;3
436474;566;746;16;3
436836;566;747;16;3
437300;566;748;16;3
438058;566;749;16;3
438361;566;750;16;3
438636;566;751;16;3
438874;566;752;16;3
439153;566;753;16;3
439702;566;754;16;3
440020;566;755;16;3
440278;566;756;16;3
440513;566;757;16;3
440966;566;758;16;3
441262;566;759;16;3
441661;566;760;16;3
441885;566;761;16;3
442266;566;762;16;3
442554;566;763;16;3
442815;566;764;16;3
443112;566;765;16;3
443361;566;766;16;3
443615;566;767;16;3
444161;566;768;16;3
444436;566;769;16;3
444842;566;770;16;3
445233;566;771;16;3
445483;566;772;16;3
445769;566;773;16;3
446349;566;774;16;3
446630;566;775;16;3
446888;566;776;16;3
447336;566;777;16;3
447606;566;778;16;3
448285;566;779;16;3
448673;566;780;16;3
448900;566;781;16;3
449128;566;782;16;3
449365;566;783;16;3
449779;566;784;16;3
450203;566;785;16;3
450598;566;786;16;3
450826;566;787;16;3
451054;566;788;16;3
451273;566;789;16;3
451541;566;790;16;3
451752;566;791;16;3
451982;566;792;16;3
452228;566;793;16;3
452464;566;794;16;3
452719;566;795;16;3
452975;566;796;16;3
453253;566;797;16;3
453498;566;798;16;3
453765;566;799;16;3
454012;566;800;16;3
454269;566;801;16;3
454536;566;802;16;3
454803;566;803;16;3
455059;566;804;16;3
455314;566;805;16;3
455571;566;806;16;3
455836;566;807;16;3
456109;566;808;16;3
456361;566;809;16;3
456611;566;810;16;3
456856;566;811;16;3
457072;566;812;16;3
457287;566;813;16;3
457706;566;814;16;3
457927;566;815;16;3
458175;566;816;16;3
458403;566;817;16;3
458632;566;818;16;3
458877;566;819;16;3
459124;566;820;16;3
459389;566;821;16;3
459657;566;822;16;3
459903;566;823;16;3
460157;566;824;16;3
460394;566;825;16;3
460648;566;826;16;3
460911;566;827;16;3
461223;566;828;16;3
461465;566;829;16;3
461878;566;830;16;3
462115;566;831;16;3
462597;566;832;16;3
462923;566;833;16;3
463211;566;834;16;3
463499;566;835;16;3
463754;566;836;16;3
464100;566;837;16;3
464439;566;838;16;3
464690;566;839;16;3
465031;566;840;16;3
465394;566;841;16;3
465819;566;842;16;3
466099;566;843;16;3
466320;566;844;16;3
466766;566;845;16;3
466981;566;846;16;3
467221;566;847;16;3
467447;566;848;16;3
467696;566;849;16;3
467964;566;850;16;3
468217;566;851;16;3
468540;566;852;16;3
468861;566;853;16;3
469130;566;854;16;3
469540;566;855;16;3
469978;566;856;16;3
470248;566;857;16;3
470469;566;858;16;3
470798;566;859;16;3
471227;566;860;16;3
471558;566;861;16;3
471805;566;862;16;3
472057;566;863;16;3
472298;566;864;16;3
472607;566;865;16;3
472906;566;866;16;3
473170;566;867;16;3
473430;566;868;16;3
473705;566;869;16;3
473926;566;870;16;3
474188;566;871;16;3
474409;566;872;16;3
474625;566;873;16;3
474880;566;874;16;3
475102;566;875;16;3
475380;566;876;16;3
475609;566;877;16;3
475829;566;878;16;3
476044;566;879;16;3
476263;566;880;16;3
476494;566;881;16;3
476720;566;882;16;3
476948;566;883;16;3
477169;566;884;16;3
477426;567;884;16;3
478829;568;884;16;3
479067;569;884;16;3
479339;570;884;16;3
479597;571;884;16;3
479846;572;884;16;3
480105;573;884;16;3
480368;574;884;16;3
480698;575;884;16;3
480944;576;884;16;3
481215;577;884;16;3
481488;578;884;16;3
481920;579;884;16;3
482323;580;884;16;3
482738;581;884;16;3
483215;582;884;16;3
483501;583;884;16;3
483729;584;884;17;3
484515;585;884;17;3
484919;586;884;17;3
485172;587;884;17;3
485404;588;884;17;3
485653;589;884;17;3
485860;590;884;17;3
486097;591;884;17;3
486321;592;884;17;3
486589;593;884;17;3
486794;594;884;17;3
487081;595;884;17;3
487313;596;884;17;3
487565;597;884;17;3
487821;598;884;17;3
488105;599;884;17;3
488372;600;884;17;3
488804;601;884;17;3
489027;602;884;17;3
489254;603;884;17;3
489512;604;884;17;3
489822;605;884;17;3
490086;606;884;17;3
490364;607;884;17;3
490862;608;884;17;3
491155;609;884;17;3
491369;610;884;17;3
491579;611;884;17;3
491785;612;884;17;3
492188;613;884;17;3
492587;614;884;17;3
493011;615;884;17;3
493477;616;884;17;3
493714;617;884;17;3
493927;618;884;17;3
494187;619;884;17;3
494411;620;884;17;3
494710;621;884;17;3
495066;622;884;17;3
495358;623;884;17;3
495608;624;884;17;3
495887;625;884;17;3
496154;626;884;17;3
496523;627;884;17;3
496921;628;884;17;3
497337;629;884;17;3
497589;630;884;17;3
497914;631;884;17;3
498397;632;884;17;3
498697;633;884;17;3
498967;634;884;17;3
499351;635;884;17;3
499605;636;884;17;3
500046;637;884;17;3
500269;638;884;17;3
500511;639;884;17;3
500743;640;884;17;3
500963;641;884;17;3
501790;642;884;17;3
502037;643;884;17;3
502253;644;884;17;3
502492;645;884;17;3
502737;646;884;17;3
502962;647;884;17;3
503210;648;884;17;3
503479;649;884;17;3
503710;650;884;17;3
503962;651;884;17;3
504177;652;884;17;3
504395;653;884;17;3
504724;654;884;17;3
505020;655;884;17;3
505518;656;884;17;3
505746;657;884;17;3
506217;658;884;17;3
506452;659;884;17;3
506919;660;884;17;3
507193;661;884;17;3
507648;662;884;17;3
507918;663;884;17;3
508146;664;884;17;3
508378;665;884;17;3
508612;666;884;17;3
508879;667;884;17;3
509085;668;884;17;3
509321;669;884;18;3
510280;670;884;18;3
510601;671;884;18;3
510839;671;885;18;3
511753;671;886;18;3
512217;671;887;18;3
512444;671;888;18;3
513036;671;889;18;3
513335;671;890;18;3
513579;671;891;18;3
513853;671;892;18;3
514093;671;893;18;3
514486;671;894;18;3
514722;671;895;18;3
515058;671;896;18;3
515312;671;897;18;3
515586;671;898;18;3
515821;671;899;18;3
516065;671;900;18;3
516328;671;901;18;3
516603;671;902;18;3
517049;671;903;18;3
517417;671;904;18;3
517712;671;905;18;3
517985;671;906;18;3
518427;671;907;18;3
518703;671;908;18;3
518977;671;909;18;3
519219;671;910;18;3
519718;671;911;18;3
520141;671;912;18;3
520410;671;913;18;3
520878;671;914;18;3
521135;671;915;18;3
521371;671;916;18;3
521794;671;917;18;3
522044;671;918;18;3
522276;671;919;18;3
522483;671;920;18;3
522746;671;921;18;3
522967;671;922;18;3
523227;671;923;18;3
523502;671;924;18;3
523959;671;925;18;3
524211;671;926;18;3
524434;671;927;18;3
524695;671;928;18;3
524937;671;929;18;3
525358;671;930;18;3
525789;671;931;18;3
526002;671;932;18;3
526255;671;933;18;3
526529;671;934;18;3
526961;671;935;18;3
527387;671;936;18;3
527611;671;937;18;3
527838;671;938;18;3
528072;671;939;18;3
528298;671;940;18;3
528561;671;941;18;3
528838;671;942;18;3
529044;671;943;18;3
529348;671;944;18;3
529561;671;945;18;3
529986;671;946;18;3
530209;671;947;18;3
530436;671;948;18;3
530678;671;949;18;3
530932;671;950;18;3
531184;671;951;18;3
531404;671;952;18;3
531636;671;953;18;3
531946;671;954;18;3
532177;671;955;18;3
532448;671;956;18;3
532702;671;957;18;3
532953;671;958;18;3
533186;671;959;18;3
533453;671;960;18;3
533710;671;961;18;3
533995;671;962;18;3
534387;671;963;18;3
534637;671;964;18;3
534845;671;965;18;3
535121;671;966;18;3
535536;671;967;18;3
535778;671;968;18;4
536796;671;969;18;4
537177;671;970;18;4
537537;671;971;18;4
537806;671;972;18;4
538061;671;973;18;4
538326;671;974;18;4
538610;671;975;18;4
539027;671;976;18;4
539318;671;977;18;4
539560;671;978;18;4
539787;671;979;18;4
540094;671;980;18;4
540427;671;981;18;4
540754;671;982;18;4
540987;671;983;18;4
541434;671;984;18;4
541676;671;985;18;4
541901;671;986;18;4
542150;671;987;18;4
542401;671;988;18;5
543142;671;989;18;5
543359;671;990;18;5
543612;671;991;18;5
543893;671;992;18;5
544119;671;993;18;5
544352;671;994;18;5
544619;671;995;18;5
544860;671;996;18;5
545101;671;997;18;5
545338;671;998;18;5
545644;671;999;18;5
546045;671;1000;18;5
546418;671;1001;18;5
546707;671;1002;18;5
547026;671;1003;18;5
547445;671;1004;18;5
547701;671;1005;18;5
547994;671;1006;18;5
548244;671;1007;18;5
548774;671;1008;18;5
549186;671;1009;18;5
549568;671;1010;18;5
549819;671;1011;18;5
550122;671;1012;18;5
550533;671;1013;18;5
550809;671;1014;18;5
551138;671;1015;18;5
551606;671;1016;18;5
552006;671;1017;18;5
552326;671;1018;18;5
552776;671;1019;18;5
552992;671;1020;18;5
553244;671;1021;18;5
553525;671;1022;18;5
553759;671;1023;18;5
554025;671;1024;18;5
554285;671;1025;18;5
554516;671;1026;18;5
554768;671;1027;18;5
555017;671;1028;18;5
555256;672;1028;18;5
556284;673;1028;18;5
556550;674;1028;18;5
556767;675;1028;18;5
557035;676;1028;18;5
557260;677;1028;18;5
557543;678;1028;18;5
557825;679;1028;18;5
558134;680;1028;18;5
558416;681;1028;18;5
558692;682;1028;18;5
558917;683;1028;18;5
559226;684;1028;18;5
559459;685;1028;18;5
559683;686;1028;18;5
559942;687;1028;18;5
560166;688;1028;18;5
560375;689;1028;18;5
560625;690;1028;18;5
561150;691;1028;19;5
561985;692;1028;19;5
562266;693;1028;19;5
562533;694;1028;19;5
562779;695;1028;19;5
563085;696;1028;19;5
563335;697;1028;19;5
563559;698;1028;19;5
563812;699;1028;19;5
564084;700;1028;19;5
564358;701;1028;19;5
564669;702;1028;19;5
564993;703;1028;19;5
565208;704;1028;19;5
565443;705;1028;19;5
565667;706;1028;19;5
565927;707;1028;19;5
566325;708;1028;19;5
566574;709;1028;19;5
566804;710;1028;19;5
567109;711;1028;19;5
567416;712;1028;19;5
567824;713;1028;19;5
568058;714;1028;19;5
568291;715;1028;19;5
568541;716;1028;19;5
568833;717;1028;19;5
569092;718;1028;19;5
569387;719;1028;19;5
569634;720;1028;19;5
569916;721;1028;19;5
570301;722;1028;19;5
570566;723;1028;19;5
570842;724;1028;19;5
571208;725;1028;19;5
571526;726;1028;20;5
572342;727;1028;20;5
572851;728;1028;20;5
573292;729;1028;20;5
573600;730;1028;20;5
573833;731;1028;20;5
574359;732;1028;20;5
574600;733;1028;20;5
575049;734;1028;20;5
575293;735;1028;20;5
575577;736;1028;20;5
575809;737;1028;20;5
576176;738;1028;20;5
576409;739;1028;20;5
576629;740;1028;20;5
577047;741;1028;20;5
577420;742;1028;20;5
577862;742;1029;20;5
578642;742;1030;20;5
578926;742;1031;20;5
579343;742;1032;20;5
579581;742;1033;20;5
579973;742;1034;20;5
580626;742;1035;20;5
581224;742;1036;20;5
581931;742;1037;20;5
582889;742;1038;20;5
583170;742;1039;20;5
583396;742;1040;20;6
584544;742;1041;20;6
585054;742;1042;20;6
585590;742;1043;20;6
586021;742;1044;20;6
586310;742;1045;20;6
586584;742;1046;20;6
586862;742;1047;20;6
587234;742;1048;20;6
587773;742;1049;20;6
588525;742;1050;20;6
588810;742;1051;20;6
589131;742;1052;20;6
589393;742;1053;20;6
589668;742;1054;20;6
589964;742;1055;20;6
590377;742;1056;20;6
590987;742;1057;20;6
591344;742;1058;20;6
591594;742;1059;20;6
591858;742;1060;20;6
592080;742;1061;20;6
592363;742;1062;20;6
592650;742;1063;20;6
592919;742;1064;20;6
593178;742;1065;20;6
593460;742;1066;20;6
593816;742;1067;20;6
594156;742;1068;20;6
594562;742;1069;20;6
594812;742;1070;20;6
595084;742;1071;20;6
595683;742;1072;20;6
596272;742;1073;20;6
596758;742;1074;20;6
597266;742;1075;20;6
597896;742;1076;20;6
598403;742;1077;20;6
598753;742;1078;20;6
599305;742;1079;20;6
600011;742;1080;20;6
